State,0 BR,1 BR,2 BR,3 BR,4 BR,Est. Population,YEAR
Alabama (AL),$548 ,$592 ,$726 ,$950 ,"$1,095 ","4,850,775",2021
Alaska (AK),$862 ,$965 ,"$1,215 ","$1,608 ","$1,838 ","727,165",2021
Arizona (AZ),$698 ,$768 ,$970 ,"$1,340 ","$1,494 ","6,809,935",2021
Arkansas (AR),$516 ,$554 ,$697 ,$920 ,"$1,065 ","2,977,950",2021
California (CA),"$1,061 ","$1,205 ","$1,526 ","$2,103 ","$2,437 ","38,982,855",2021
Colorado (CO),$814 ,$868 ,"$1,088 ","$1,463 ","$1,699 ","5,436,520",2021
Connecticut (CT),$910 ,"$1,079 ","$1,348 ","$1,701 ","$2,004 ","3,594,465",2021
Delaware (DE),$806 ,$893 ,"$1,097 ","$1,466 ","$1,696 ","943,730",2021
District of Columbia (DC),"$1,513 ","$1,548 ","$1,765 ","$2,263 ","$2,742 ","672,390",2021
Florida (FL),$771 ,$835 ,"$1,021 ","$1,358 ","$1,610 ","20,278,455",2021
Georgia (GA),$632 ,$658 ,$793 ,"$1,041 ","$1,229 ","10,201,630",2021
Guam (GU),$975 ,"$1,068 ","$1,408 ","$2,015 ","$2,438 ","159,358",2021
Hawaii (HI),"$1,260 ","$1,405 ","$1,798 ","$2,480 ","$2,861 ","1,421,660",2021
Idaho (ID),$593 ,$641 ,$821 ,"$1,146 ","$1,341 ","1,657,380",2021
Illinois (IL),$571 ,$638 ,$802 ,"$1,050 ","$1,181 ","12,743,375",2021
Indiana (IN),$565 ,$635 ,$801 ,"$1,048 ","$1,194 ","6,614,425",2021
Iowa (IA),$541 ,$593 ,$760 ,"$1,005 ","$1,115 ","3,118,085",2021
Kansas (KS),$563 ,$593 ,$757 ,$995 ,"$1,130 ","2,903,780",2021
Kentucky (KY),$527 ,$582 ,$733 ,$972 ,"$1,099 ","4,424,350",2021
Louisiana (LA),$634 ,$693 ,$844 ,"$1,104 ","$1,260 ","4,663,460",2021
Maine (ME),$665 ,$724 ,$909 ,"$1,171 ","$1,355 ","1,330,127",2021
Maryland (MD),$932 ,"$1,036 ","$1,256 ","$1,660 ","$1,958 ","5,996,070",2021
Massachusetts (MA),"$1,184 ","$1,315 ","$1,642 ","$2,058 ","$2,277 ","6,789,270",2021
Michigan (MI),$579 ,$647 ,$815 ,"$1,067 ","$1,182 ","9,925,560",2021
Minnesota (MN),$580 ,$663 ,$842 ,"$1,146 ","$1,304 ","5,490,735",2021
Mississippi (MS),$553 ,$590 ,$727 ,$941 ,"$1,073 ","2,986,195",2021
Missouri (MO),$512 ,$568 ,$728 ,$966 ,"$1,104 ","6,075,330",2021
Montana (MT),$588 ,$654 ,$831 ,"$1,108 ","$1,300 ","1,029,850",2021
Nebraska (NE),$507 ,$595 ,$759 ,$989 ,"$1,102 ","1,893,930",2021
Nevada (NV),$621 ,$721 ,$915 ,"$1,273 ","$1,468 ","2,887,720",2021
New Hampshire (NH),$788 ,$896 ,"$1,142 ","$1,492 ","$1,771 ","1,331,810",2021
New Jersey (NJ),"$1,084 ","$1,257 ","$1,552 ","$1,980 ","$2,272 ","8,960,150",2021
New Mexico (NM),$639 ,$683 ,$842 ,"$1,137 ","$1,351 ","2,084,830",2021
New York (NY),$846 ,$922 ,"$1,120 ","$1,433 ","$1,578 ","19,798,235",2021
North Carolina (NC),$657 ,$674 ,$825 ,"$1,090 ","$1,313 ","10,052,560",2021
North Dakota (ND),$606 ,$622 ,$781 ,"$1,074 ","$1,213 ","745,470",2021
Ohio (OH),$571 ,$633 ,$797 ,"$1,036 ","$1,151 ","11,609,765",2021
Oklahoma (OK),$569 ,$601 ,$762 ,"$1,005 ","$1,149 ","3,896,265",2021
Oregon (OR),$744 ,$843 ,"$1,053 ","$1,485 ","$1,755 ","4,025,115",2021
Pennsylvania (PA),$643 ,$706 ,$878 ,"$1,133 ","$1,258 ","12,790,485",2021
Puerto Rico (PR),$392 ,$420 ,$483 ,$643 ,$765 ,"3,468,975",2021
Rhode Island (RI),$868 ,$969 ,"$1,177 ","$1,498 ","$1,792 ","1,056,155",2021
South Carolina (SC),$653 ,$686 ,$824 ,"$1,086 ","$1,283 ","4,893,435",2021
South Dakota (SD),$523 ,$582 ,$748 ,$990 ,"$1,163 ","841,150",2021
Tennessee (TN),$588 ,$625 ,$774 ,"$1,022 ","$1,188 ","6,597,390",2021
Texas (TX),$634 ,$699 ,$865 ,"$1,147 ","$1,334 ","27,419,610",2021
Utah (UT),$623 ,$703 ,$872 ,"$1,182 ","$1,416 ","2,993,930",2021
Vermont (VT),$761 ,$845 ,"$1,046 ","$1,350 ","$1,479 ","624,618",2021
Virginia (VA),$781 ,$842 ,"$1,007 ","$1,335 ","$1,577 ","8,365,985",2021
Washington (WA),$752 ,$850 ,"$1,070 ","$1,498 ","$1,764 ","7,169,985",2021
West Virginia (WV),$567 ,$599 ,$732 ,$962 ,"$1,110 ","1,836,835",2021
Wisconsin (WI),$569 ,$637 ,$817 ,"$1,075 ","$1,198 ","5,763,215",2021
Wyoming (WY),$640 ,$677 ,$842 ,"$1,139 ","$1,413 ","583,200",2021
Alabama (AL),$586 ,$628 ,$774 ,"$1,005 ","$1,155 ","4,850,775",2022
Alaska (AK),$875 ,$975 ,"$1,252 ","$1,645 ","$1,908 ","727,165",2022
Arizona (AZ),$752 ,$825 ,"$1,040 ","$1,420 ","$1,592 ","6,809,935",2022
Arkansas (AR),$524 ,$555 ,$698 ,$920 ,"$1,062 ","2,977,950",2022
California (CA),"$1,080 ","$1,214 ","$1,533 ","$2,103 ","$2,426 ","38,982,855",2022
Colorado (CO),$898 ,$959 ,"$1,201 ","$1,595 ","$1,868 ","5,436,520",2022
Connecticut (CT),$927 ,"$1,092 ","$1,366 ","$1,716 ","$2,036 ","3,594,465",2022
Delaware (DE),$814 ,$887 ,"$1,088 ","$1,439 ","$1,666 ","943,730",2022
District of Columbia (DC),"$1,539 ","$1,567 ","$1,785 ","$2,260 ","$2,713 ","672,390",2022
Florida (FL),$817 ,$883 ,"$1,074 ","$1,418 ","$1,676 ","20,278,455",2022
Georgia (GA),$680 ,$707 ,$853 ,"$1,112 ","$1,311 ","10,201,630",2022
Guam (GU),"$1,016 ","$1,115 ","$1,467 ","$2,084 ","$2,511 ","159,358",2022
Hawaii (HI),"$1,310 ","$1,466 ","$1,888 ","$2,569 ","$2,945 ","1,421,660",2022
Idaho (ID),$638 ,$688 ,$877 ,"$1,224 ","$1,444 ","1,657,380",2022
Illinois (IL),$593 ,$661 ,$829 ,"$1,084 ","$1,213 ","12,743,375",2022
Indiana (IN),$580 ,$647 ,$814 ,"$1,059 ","$1,211 ","6,614,425",2022
Iowa (IA),$563 ,$618 ,$788 ,"$1,037 ","$1,155 ","3,118,085",2022
Kansas (KS),$580 ,$612 ,$779 ,"$1,018 ","$1,153 ","2,903,780",2022
Kentucky (KY),$536 ,$593 ,$747 ,$985 ,"$1,113 ","4,424,350",2022
Louisiana (LA),$616 ,$674 ,$823 ,"$1,071 ","$1,224 ","4,663,460",2022
Maine (ME),$704 ,$754 ,$959 ,"$1,230 ","$1,429 ","1,330,072",2022
Maryland (MD),$974 ,"$1,054 ","$1,276 ","$1,679 ","$1,970 ","5,996,070",2022
Massachusetts (MA),"$1,193 ","$1,325 ","$1,653 ","$2,058 ","$2,303 ","6,789,270",2022
Michigan (MI),$596 ,$664 ,$836 ,"$1,089 ","$1,211 ","9,925,560",2022
Minnesota (MN),$615 ,$698 ,$884 ,"$1,194 ","$1,363 ","5,490,735",2022
Mississippi (MS),$578 ,$614 ,$749 ,$971 ,"$1,090 ","2,986,195",2022
Missouri (MO),$541 ,$588 ,$749 ,$990 ,"$1,139 ","6,075,330",2022
Montana (MT),$582 ,$648 ,$819 ,"$1,099 ","$1,279 ","1,029,850",2022
Nebraska (NE),$527 ,$610 ,$779 ,"$1,007 ","$1,121 ","1,893,930",2022
Nevada (NV),$723 ,$833 ,"$1,068 ","$1,454 ","$1,712 ","2,887,720",2022
New Hampshire (NH),$837 ,$947 ,"$1,209 ","$1,575 ","$1,853 ","1,331,810",2022
New Jersey (NJ),"$1,089 ","$1,252 ","$1,545 ","$1,960 ","$2,240 ","8,960,150",2022
New Mexico (NM),$614 ,$661 ,$813 ,"$1,095 ","$1,311 ","2,084,830",2022
New York (NY),$864 ,$937 ,"$1,138 ","$1,447 ","$1,596 ","19,798,235",2022
North Carolina (NC),$677 ,$701 ,$856 ,"$1,124 ","$1,355 ","10,052,560",2022
North Dakota (ND),$623 ,$638 ,$798 ,"$1,084 ","$1,261 ","745,470",2022
Ohio (OH),$580 ,$643 ,$807 ,"$1,046 ","$1,158 ","11,609,765",2022
Oklahoma (OK),$585 ,$613 ,$776 ,"$1,022 ","$1,168 ","3,896,265",2022
Oregon (OR),$770 ,$871 ,"$1,087 ","$1,525 ","$1,801 ","4,025,115",2022
Pennsylvania (PA),$677 ,$741 ,$920 ,"$1,181 ","$1,322 ","12,790,485",2022
Puerto Rico (PR),$400 ,$423 ,$485 ,$646 ,$760 ,"3,468,975",2022
Rhode Island (RI),$941 ,"$1,050 ","$1,272 ","$1,604 ","$1,971 ","1,056,155",2022
South Carolina (SC),$696 ,$724 ,$867 ,"$1,130 ","$1,337 ","4,893,435",2022
South Dakota (SD),$560 ,$614 ,$786 ,"$1,039 ","$1,244 ","841,150",2022
Tennessee (TN),$619 ,$650 ,$798 ,"$1,048 ","$1,211 ","6,597,390",2022
Texas (TX),$663 ,$727 ,$897 ,"$1,185 ","$1,364 ","27,419,610",2022
Utah (UT),$658 ,$740 ,$920 ,"$1,240 ","$1,495 ","2,993,930",2022
Vermont (VT),$786 ,$870 ,"$1,077 ","$1,387 ","$1,531 ","624,618",2022
Virginia (VA),$804 ,$854 ,"$1,016 ","$1,342 ","$1,583 ","8,365,985",2022
Washington (WA),$795 ,$899 ,"$1,124 ","$1,563 ","$1,849 ","7,169,985",2022
West Virginia (WV),$585 ,$620 ,$761 ,"$1,003 ","$1,144 ","1,836,835",2022
Wisconsin (WI),$598 ,$667 ,$853 ,"$1,117 ","$1,243 ","5,763,215",2022
Wyoming (WY),$659 ,$681 ,$851 ,"$1,154 ","$1,426 ","583,200",2022
Alabama (AL),$637 ,$682 ,$839 ,"$1,085 ","$1,243 ","4,893,186",2023
Alaska (AK),$948 ,"$1,041 ","$1,341 ","$1,766 ","$2,024 ","716,025",2023
Arizona (AZ),$854 ,$944 ,"$1,180 ","$1,604 ","$1,802 ","7,174,064",2023
Arkansas (AR),$581 ,$611 ,$768 ,"$1,011 ","$1,167 ","3,011,873",2023
California (CA),"$1,195 ","$1,327 ","$1,668 ","$2,269 ","$2,619 ","39,346,023",2023
Colorado (CO),$953 ,"$1,020 ","$1,276 ","$1,673 ","$1,989 ","5,684,926",2023
Connecticut (CT),"$1,064 ","$1,249 ","$1,559 ","$1,944 ","$2,326 ","3,570,549",2023
Delaware (DE),$935 ,"$1,014 ","$1,253 ","$1,637 ","$1,910 ","967,679",2023
District of Columbia (DC),"$1,589 ","$1,615 ","$1,838 ","$2,299 ","$2,742 ","701,974",2023
Florida (FL),$928 ,"$1,000 ","$1,209 ","$1,585 ","$1,879 ","21,216,924",2023
Georgia (GA),$775 ,$807 ,$966 ,"$1,248 ","$1,463 ","10,516,579",2023
Guam (GU),"$1,093 ","$1,199 ","$1,578 ","$2,243 ","$2,688 ","159,358",2023
Hawaii (HI),"$1,359 ","$1,504 ","$1,951 ","$2,632 ","$2,996 ","1,420,074",2023
Idaho (ID),$699 ,$758 ,$961 ,"$1,342 ","$1,583 ","1,754,367",2023
Illinois (IL),$632 ,$705 ,$882 ,"$1,149 ","$1,282 ","12,607,166",2023
Indiana (IN),$653 ,$727 ,$912 ,"$1,177 ","$1,348 ","6,696,893",2023
Iowa (IA),$615 ,$670 ,$849 ,"$1,112 ","$1,230 ","3,150,011",2023
Kansas (KS),$615 ,$659 ,$836 ,"$1,082 ","$1,229 ","2,912,619",2023
Kentucky (KY),$598 ,$656 ,$823 ,"$1,079 ","$1,214 ","4,461,952",2023
Louisiana (LA),$674 ,$732 ,$892 ,"$1,156 ","$1,332 ","4,664,616",2023
Maine (ME),$765 ,$821 ,"$1,045 ","$1,339 ","$1,523 ","1,340,825",2023
Maryland (MD),"$1,072 ","$1,147 ","$1,383 ","$1,810 ","$2,112 ","6,037,624",2023
Massachusetts (MA),"$1,378 ","$1,524 ","$1,893 ","$2,333 ","$2,624 ","6,873,003",2023
Michigan (MI),$659 ,$736 ,$923 ,"$1,193 ","$1,333 ","9,973,907",2023
Minnesota (MN),$675 ,$765 ,$963 ,"$1,293 ","$1,479 ","5,600,166",2023
Mississippi (MS),$640 ,$672 ,$816 ,"$1,052 ","$1,178 ","2,981,835",2023
Missouri (MO),$603 ,$644 ,$818 ,"$1,078 ","$1,246 ","6,123,315",2023
Montana (MT),$643 ,$709 ,$892 ,"$1,196 ","$1,402 ","1,061,705",2023
Nebraska (NE),$588 ,$670 ,$855 ,"$1,100 ","$1,214 ","1,923,826",2023
Nevada (NV),$807 ,$932 ,"$1,191 ","$1,653 ","$1,945 ","3,030,281",2023
New Hampshire (NH),$948 ,"$1,061 ","$1,365 ","$1,775 ","$2,011 ","1,355,244",2023
New Jersey (NJ),"$1,194 ","$1,356 ","$1,661 ","$2,092 ","$2,388 ","8,885,418",2023
New Mexico (NM),$662 ,$735 ,$896 ,"$1,204 ","$1,447 ","2,097,021",2023
New York (NY),$979 ,"$1,058 ","$1,280 ","$1,615 ","$1,788 ","19,514,849",2023
North Carolina (NC),$752 ,$782 ,$947 ,"$1,234 ","$1,487 ","10,386,227",2023
North Dakota (ND),$685 ,$706 ,$879 ,"$1,190 ","$1,431 ","760,394",2023
Ohio (OH),$640 ,$706 ,$886 ,"$1,141 ","$1,265 ","11,675,275",2023
Oklahoma (OK),$633 ,$661 ,$838 ,"$1,095 ","$1,261 ","3,949,342",2023
Oregon (OR),$856 ,$960 ,"$1,198 ","$1,681 ","$1,977 ","4,176,346",2023
Pennsylvania (PA),$748 ,$822 ,"$1,018 ","$1,301 ","$1,465 ","12,794,885",2023
Puerto Rico (PR),$443 ,$457 ,$519 ,$708 ,$823 ,"3,255,642",2023
Rhode Island (RI),"$1,108 ","$1,199 ","$1,453 ","$1,798 ","$2,229 ","1,057,798",2023
South Carolina (SC),$772 ,$805 ,$960 ,"$1,243 ","$1,460 ","5,091,517",2023
South Dakota (SD),$601 ,$673 ,$861 ,"$1,143 ","$1,377 ","865,059",2023
Tennessee (TN),$703 ,$732 ,$894 ,"$1,164 ","$1,337 ","6,772,268",2023
Texas (TX),$733 ,$795 ,$978 ,"$1,284 ","$1,493 ","28,635,442",2023
Utah (UT),$719 ,$825 ,"$1,010 ","$1,358 ","$1,636 ","3,151,239",2023
Vermont (VT),$871 ,$948 ,"$1,169 ","$1,499 ","$1,646 ","624,340",2023
Virginia (VA),$901 ,$939 ,"$1,116 ","$1,468 ","$1,739 ","8,509,358",2023
Washington (WA),$905 ,"$1,016 ","$1,265 ","$1,744 ","$2,056 ","7,512,465",2023
West Virginia (WV),$621 ,$659 ,$810 ,"$1,070 ","$1,214 ","1,807,426",2023
Wisconsin (WI),$657 ,$729 ,$929 ,"$1,204 ","$1,343 ","5,806,975",2023
Wyoming (WY),$690 ,$713 ,$901 ,"$1,223 ","$1,502 ","581,348",2023
Alabama (AL),$735 ,$788 ,$969 ,"$1,251 ","$1,436 ","4,893,186",2024
Alaska (AK),"$1,039 ","$1,153 ","$1,454 ","$1,914 ","$2,205 ","716,025",2024
Arizona (AZ),$960 ,"$1,064 ","$1,324 ","$1,789 ","$2,032 ","7,174,064",2024
Arkansas (AR),$661 ,$696 ,$875 ,"$1,153 ","$1,317 ","3,011,873",2024
California (CA),"$1,350 ","$1,488 ","$1,864 ","$2,516 ","$2,915 ","39,346,023",2024
Colorado (CO),"$1,088 ","$1,164 ","$1,460 ","$1,897 ","$2,252 ","5,684,926",2024
Connecticut (CT),"$1,171 ","$1,358 ","$1,695 ","$2,104 ","$2,510 ","3,570,549",2024
Delaware (DE),"$1,107 ","$1,185 ","$1,468 ","$1,895 ","$2,204 ","967,679",2024
District of Columbia (DC),"$1,772 ","$1,803 ","$2,045 ","$2,544 ","$3,015 ","701,974",2024
Florida (FL),"$1,058 ","$1,131 ","$1,359 ","$1,773 ","$2,086 ","21,216,924",2024
Georgia (GA),$901 ,$933 ,"$1,113 ","$1,427 ","$1,666 ","10,516,579",2024
Guam (GU),"$1,206 ","$1,326 ","$1,742 ","$2,455 ","$2,956 ","159,358",2024
Hawaii (HI),"$1,505 ","$1,614 ","$2,095 ","$2,802 ","$3,218 ","1,420,074",2024
Idaho (ID),$761 ,$832 ,"$1,048 ","$1,455 ","$1,740 ","1,754,367",2024
Illinois (IL),$690 ,$768 ,$958 ,"$1,245 ","$1,390 ","12,607,166",2024
Indiana (IN),$724 ,$803 ,"$1,001 ","$1,286 ","$1,463 ","6,696,893",2024
Iowa (IA),$663 ,$719 ,$909 ,"$1,182 ","$1,308 ","3,150,011",2024
Kansas (KS),$670 ,$733 ,$928 ,"$1,198 ","$1,353 ","2,912,619",2024
Kentucky (KY),$687 ,$756 ,$946 ,"$1,236 ","$1,389 ","4,461,952",2024
Louisiana (LA),$768 ,$831 ,"$1,010 ","$1,302 ","$1,521 ","4,664,616",2024
Maine (ME),$830 ,$895 ,"$1,135 ","$1,466 ","$1,634 ","1,340,825",2024
Maryland (MD),"$1,269 ","$1,355 ","$1,622 ","$2,109 ","$2,435 ","6,037,624",2024
Massachusetts (MA),"$1,500 ","$1,636 ","$2,026 ","$2,489 ","$2,806 ","6,873,003",2024
Michigan (MI),$730 ,$811 ,"$1,015 ","$1,303 ","$1,452 ","9,973,907",2024
Minnesota (MN),$759 ,$844 ,"$1,065 ","$1,420 ","$1,628 ","5,600,166",2024
Mississippi (MS),$761 ,$794 ,$958 ,"$1,227 ","$1,367 ","2,981,835",2024
Missouri (MO),$664 ,$700 ,$884 ,"$1,161 ","$1,340 ","6,123,315",2024
Montana (MT),$693 ,$765 ,$960 ,"$1,283 ","$1,507 ","1,061,705",2024
Nebraska (NE),$620 ,$709 ,$902 ,"$1,154 ","$1,270 ","1,923,826",2024
Nevada (NV),$905 ,"$1,037 ","$1,310 ","$1,798 ","$2,161 ","3,030,281",2024
New Hampshire (NH),"$1,014 ","$1,122 ","$1,449 ","$1,875 ","$2,071 ","1,355,244",2024
New Jersey (NJ),"$1,386 ","$1,551 ","$1,889 ","$2,374 ","$2,695 ","8,885,418",2024
New Mexico (NM),$719 ,$811 ,$989 ,"$1,329 ","$1,585 ","2,097,021",2024
New York (NY),"$1,075 ","$1,160 ","$1,398 ","$1,758 ","$1,947 ","19,514,849",2024
North Carolina (NC),$866 ,$901 ,"$1,083 ","$1,408 ","$1,677 ","10,386,227",2024
North Dakota (ND),$722 ,$743 ,$911 ,"$1,224 ","$1,495 ","760,394",2024
Ohio (OH),$699 ,$763 ,$957 ,"$1,226 ","$1,364 ","11,675,275",2024
Oklahoma (OK),$700 ,$738 ,$933 ,"$1,215 ","$1,407 ","3,949,342",2024
Oregon (OR),$950 ,"$1,049 ","$1,307 ","$1,822 ","$2,143 ","4,176,346",2024
Pennsylvania (PA),$798 ,$877 ,"$1,084 ","$1,383 ","$1,562 ","12,794,885",2024
Puerto Rico (PR),$487 ,$502 ,$574 ,$757 ,$869 ,"3,255,642",2024
Rhode Island (RI),"$1,325 ","$1,419 ","$1,731 ","$2,121 ","$2,632 ","1,057,798",2024
South Carolina (SC),$872 ,$912 ,"$1,093 ","$1,397 ","$1,628 ","5,091,517",2024
South Dakota (SD),$663 ,$756 ,$964 ,"$1,281 ","$1,532 ","865,059",2024
Tennessee (TN),$820 ,$852 ,"$1,036 ","$1,344 ","$1,539 ","6,772,268",2024
Texas (TX),$838 ,$891 ,"$1,093 ","$1,431 ","$1,666 ","28,635,442",2024
Utah (UT),$803 ,$922 ,"$1,123 ","$1,504 ","$1,804 ","3,151,239",2024
Vermont (VT),"$1,009 ","$1,080 ","$1,331 ","$1,717 ","$1,863 ","624,340",2024
Virginia (VA),"$1,045 ","$1,072 ","$1,266 ","$1,659 ","$1,984 ","8,509,358",2024
Washington (WA),"$1,030 ","$1,142 ","$1,422 ","$1,950 ","$2,284 ","7,512,465",2024
West Virginia (WV),$695 ,$738 ,$909 ,"$1,201 ","$1,356 ","1,807,426",2024
Wisconsin (WI),$714 ,$792 ,"$1,004 ","$1,294 ","$1,445 ","5,806,975",2024
Wyoming (WY),$794 ,$818 ,"$1,036 ","$1,396 ","$1,703 ","581,348",2024
Alabama (AL),$486 ,$524 ,$657 ,$880 ,$989 ,"4,779,736",2015
Alaska (AK),$724 ,$826 ,"$1,053 ","$1,409 ","$1,622 ","710,231",2015
Arizona (AZ),$540 ,$620 ,$797 ,"$1,106 ","$1,290 ","6,392,017",2015
Arkansas (AR),$448 ,$476 ,$620 ,$834 ,$966 ,"2,915,918",2015
California (CA),$749 ,$862 ,"$1,116 ","$1,579 ","$1,845 ","37,253,956",2015
Colorado (CO),$591 ,$659 ,$851 ,"$1,174 ","$1,358 ","5,029,196",2015
Connecticut (CT),$790 ,$925 ,"$1,180 ","$1,487 ","$1,718 ","3,574,097",2015
Delaware (DE),$725 ,$840 ,"$1,042 ","$1,388 ","$1,617 ","897,934",2015
District of Columbia (DC),"$1,167 ","$1,230 ","$1,458 ","$1,951 ","$2,451 ","601,723",2015
Florida (FL),$609 ,$678 ,$842 ,"$1,138 ","$1,316 ","18,801,310",2015
Georgia (GA),$516 ,$550 ,$686 ,$918 ,"$1,067 ","9,687,653",2015
Guam (GU),$812 ,$871 ,"$1,064 ","$1,550 ","$1,853 ","159,358",2015
Hawaii (HI),$847 ,$943 ,"$1,218 ","$1,695 ","$1,939 ","1,360,301",2015
Idaho (ID),$483 ,$528 ,$674 ,$957 ,"$1,144 ","1,567,582",2015
Illinois (IL),$477 ,$559 ,$714 ,$946 ,"$1,084 ","12,716,708",2015
Indiana (IN),$458 ,$539 ,$695 ,$922 ,"$1,037 ","6,483,802",2015
Iowa (IA),$429 ,$494 ,$633 ,$850 ,$951 ,"3,046,355",2015
Kansas (KS),$438 ,$517 ,$669 ,$901 ,"$1,017 ","2,853,118",2015
Kentucky (KY),$442 ,$484 ,$620 ,$842 ,$939 ,"4,339,367",2015
Louisiana (LA),$522 ,$576 ,$719 ,$947 ,"$1,085 ","4,533,372",2015
Maine (ME),$558 ,$626 ,$768 ,"$1,006 ","$1,124 ","1,328,355",2015
Maryland (MD),$793 ,$891 ,"$1,101 ","$1,439 ","$1,680 ","5,486,467",2015
Massachusetts (MA),$812 ,$922 ,"$1,160 ","$1,459 ","$1,622 ","6,547,629",2015
Michigan (MI),$478 ,$542 ,$696 ,$935 ,"$1,066 ","9,883,640",2015
Minnesota (MN),$484 ,$562 ,$723 ,$985 ,"$1,136 ","5,303,925",2015
Mississippi (MS),$456 ,$529 ,$660 ,$886 ,$972 ,"2,967,297",2015
Missouri (MO),$436 ,$504 ,$655 ,$883 ,$994 ,"5,988,927",2015
Montana (MT),$494 ,$540 ,$685 ,$945 ,"$1,086 ","989,415",2015
Nebraska (NE),$416 ,$482 ,$626 ,$816 ,$915 ,"1,826,341",2015
Nevada (NV),$477 ,$621 ,$792 ,"$1,098 ","$1,303 ","2,700,551",2015
New Hampshire (NH),$729 ,$809 ,"$1,022 ","$1,342 ","$1,503 ","1,316,470",2015
New Jersey (NJ),$911 ,"$1,049 ","$1,276 ","$1,663 ","$1,932 ","8,791,894",2015
New Mexico (NM),$488 ,$555 ,$702 ,$953 ,"$1,084 ","2,059,179",2015
New York (NY),$684 ,$761 ,$940 ,"$1,227 ","$1,368 ","19,378,102",2015
North Carolina (NC),$528 ,$566 ,$707 ,$945 ,"$1,112 ","9,535,483",2015
North Dakota (ND),$496 ,$514 ,$646 ,$898 ,$965 ,"672,591",2015
Ohio (OH),$452 ,$531 ,$682 ,$910 ,$997 ,"11,536,504",2015
Oklahoma (OK),$449 ,$505 ,$650 ,$868 ,$994 ,"3,751,351",2015
Oregon (OR),$515 ,$601 ,$766 ,"$1,086 ","$1,280 ","3,831,074",2015
Pennsylvania (PA),$542 ,$616 ,$766 ,$990 ,"$1,084 ","12,702,379",2015
Puerto Rico (PR),$398 ,$426 ,$517 ,$695 ,$809 ,"3,725,789",2015
Rhode Island (RI),$698 ,$783 ,$965 ,"$1,224 ","$1,471 ","1,052,567",2015
South Carolina (SC),$520 ,$560 ,$694 ,$911 ,"$1,095 ","4,625,364",2015
South Dakota (SD),$477 ,$517 ,$665 ,$926 ,$994 ,"814,180",2015
Tennessee (TN),$448 ,$516 ,$653 ,$874 ,$986 ,"6,346,105",2015
Texas (TX),$495 ,$561 ,$716 ,$968 ,"$1,097 ","25,145,561",2015
Utah (UT),$514 ,$577 ,$715 ,$984 ,"$1,140 ","2,763,885",2015
Vermont (VT),$691 ,$763 ,$965 ,"$1,215 ","$1,464 ","625,741",2015
Virginia (VA),$688 ,$737 ,$895 ,"$1,194 ","$1,441 ","8,001,024",2015
Washington (WA),$543 ,$641 ,$825 ,"$1,141 ","$1,364 ","6,724,540",2015
West Virginia (WV),$490 ,$531 ,$666 ,$879 ,$980 ,"1,852,994",2015
Wisconsin (WI),$464 ,$546 ,$710 ,$950 ,"$1,055 ","5,686,986",2015
Wyoming (WY),$538 ,$580 ,$734 ,"$1,022 ","$1,156 ","563,626",2015
Alabama (AL),$483 ,$518 ,$646 ,$867 ,$993 ,"4,779,736",2016
Alaska (AK),$758 ,$862 ,"$1,081 ","$1,421 ","$1,663 ","710,231",2016
Arizona (AZ),$580 ,$652 ,$822 ,"$1,138 ","$1,323 ","6,392,017",2016
Arkansas (AR),$467 ,$501 ,$645 ,$861 ,$992 ,"2,915,918",2016
California (CA),$799 ,$919 ,"$1,182 ","$1,657 ","$1,930 ","37,253,956",2016
Colorado (CO),$627 ,$694 ,$892 ,"$1,228 ","$1,428 ","5,029,196",2016
Connecticut (CT),$788 ,$967 ,"$1,224 ","$1,554 ","$1,780 ","3,574,097",2016
Delaware (DE),$739 ,$861 ,"$1,058 ","$1,425 ","$1,628 ","897,934",2016
District of Columbia (DC),"$1,307 ","$1,402 ","$1,623 ","$2,144 ","$2,726 ","601,723",2016
Florida (FL),$617 ,$689 ,$848 ,"$1,141 ","$1,337 ","18,801,310",2016
Georgia (GA),$557 ,$591 ,$731 ,$979 ,"$1,165 ","9,687,653",2016
Guam (GU),$657 ,$708 ,$948 ,"$1,382 ","$1,655 ","159,358",2016
Hawaii (HI),$915 ,"$1,070 ","$1,356 ","$1,901 ","$2,186 ","1,360,301",2016
Idaho (ID),$500 ,$537 ,$692 ,$951 ,"$1,170 ","1,567,582",2016
Illinois (IL),$485 ,$562 ,$722 ,$943 ,"$1,079 ","12,716,708",2016
Indiana (IN),$487 ,$556 ,$714 ,$939 ,"$1,068 ","6,483,802",2016
Iowa (IA),$455 ,$511 ,$659 ,$876 ,$967 ,"3,046,355",2016
Kansas (KS),$487 ,$537 ,$697 ,$923 ,"$1,048 ","2,853,118",2016
Kentucky (KY),$475 ,$529 ,$674 ,$903 ,"$1,021 ","4,339,367",2016
Louisiana (LA),$517 ,$577 ,$715 ,$934 ,"$1,094 ","4,533,372",2016
Maine (ME),$565 ,$625 ,$767 ,$999 ,"$1,117 ","1,328,355",2016
Maryland (MD),$827 ,$949 ,"$1,165 ","$1,521 ","$1,840 ","5,773,552",2016
Massachusetts (MA),$829 ,$974 ,"$1,218 ","$1,528 ","$1,711 ","6,547,629",2016
Michigan (MI),$492 ,$553 ,$713 ,$953 ,"$1,070 ","9,883,640",2016
Minnesota (MN),$483 ,$576 ,$748 ,"$1,001 ","$1,148 ","5,303,925",2016
Mississippi (MS),$477 ,$546 ,$676 ,$888 ,$985 ,"2,967,297",2016
Missouri (MO),$459 ,$521 ,$679 ,$907 ,"$1,034 ","5,988,927",2016
Montana (MT),$494 ,$561 ,$694 ,$931 ,"$1,128 ","989,415",2016
Nebraska (NE),$426 ,$504 ,$657 ,$856 ,$953 ,"1,826,341",2016
Nevada (NV),$507 ,$620 ,$804 ,"$1,130 ","$1,343 ","2,700,551",2016
New Hampshire (NH),$683 ,$784 ,$992 ,"$1,286 ","$1,468 ","1,316,470",2016
New Jersey (NJ),$922 ,"$1,088 ","$1,330 ","$1,718 ","$1,991 ","8,791,894",2016
New Mexico (NM),$521 ,$589 ,$740 ,$997 ,"$1,185 ","2,059,179",2016
New York (NY),$688 ,$784 ,$953 ,"$1,227 ","$1,374 ","19,378,102",2016
North Carolina (NC),$555 ,$588 ,$730 ,$977 ,"$1,158 ","9,535,483",2016
North Dakota (ND),$537 ,$560 ,$704 ,$961 ,"$1,077 ","672,591",2016
Ohio (OH),$482 ,$548 ,$703 ,$933 ,"$1,037 ","11,536,504",2016
Oklahoma (OK),$475 ,$537 ,$687 ,$914 ,"$1,058 ","3,751,351",2016
Oregon (OR),$554 ,$645 ,$814 ,"$1,153 ","$1,360 ","3,831,074",2016
Pennsylvania (PA),$551 ,$628 ,$784 ,"$1,007 ","$1,116 ","12,702,379",2016
Puerto Rico (PR),$364 ,$388 ,$468 ,$633 ,$756 ,"3,725,789",2016
Rhode Island (RI),$663 ,$813 ,$998 ,"$1,266 ","$1,536 ","1,052,567",2016
South Carolina (SC),$510 ,$574 ,$712 ,$940 ,"$1,098 ","4,625,364",2016
South Dakota (SD),$452 ,$527 ,$673 ,$909 ,$993 ,"814,180",2016
Tennessee (TN),$473 ,$534 ,$673 ,$893 ,"$1,032 ","6,346,105",2016
Texas (TX),$541 ,$594 ,$751 ,"$1,006 ","$1,198 ","25,145,561",2016
Utah (UT),$512 ,$613 ,$766 ,"$1,061 ","$1,238 ","2,763,885",2016
Vermont (VT),$723 ,$786 ,$987 ,"$1,287 ","$1,487 ","625,741",2016
Virginia (VA),$714 ,$765 ,$921 ,"$1,227 ","$1,480 ","8,001,024",2016
Washington (WA),$599 ,$691 ,$881 ,"$1,234 ","$1,441 ","6,724,540",2016
West Virginia (WV),$469 ,$516 ,$639 ,$840 ,$962 ,"1,852,994",2016
Wisconsin (WI),$492 ,$562 ,$735 ,$972 ,"$1,080 ","5,686,986",2016
Wyoming (WY),$537 ,$617 ,$774 ,"$1,054 ","$1,220 ","563,626",2016
Alabama (AL),$524 ,$559 ,$692 ,$930 ,"$1,063 ","4,779,736",2017
Alaska (AK),$848 ,$957 ,"$1,201 ","$1,593 ","$1,870 ","710,231",2017
Arizona (AZ),$584 ,$632 ,$808 ,"$1,124 ","$1,298 ","6,392,017",2017
Arkansas (AR),$480 ,$509 ,$651 ,$871 ,$995 ,"2,915,918",2017
California (CA),$844 ,$971 ,"$1,242 ","$1,737 ","$2,050 ","37,253,956",2017
Colorado (CO),$649 ,$708 ,$905 ,"$1,253 ","$1,444 ","5,029,196",2017
Connecticut (CT),$806 ,$960 ,"$1,209 ","$1,544 ","$1,754 ","3,574,097",2017
Delaware (DE),$765 ,$863 ,"$1,054 ","$1,443 ","$1,663 ","897,934",2017
District of Columbia (DC),"$1,440 ","$1,513 ","$1,746 ","$2,300 ","$2,855 ","601,723",2017
Florida (FL),$643 ,$714 ,$876 ,"$1,184 ","$1,391 ","18,801,310",2017
Georgia (GA),$561 ,$590 ,$722 ,$971 ,"$1,155 ","9,687,653",2017
Guam (GU),$681 ,$734 ,$983 ,"$1,433 ","$1,716 ","159,358",2017
Hawaii (HI),$942 ,"$1,092 ","$1,393 ","$1,944 ","$2,349 ","1,360,301",2017
Idaho (ID),$518 ,$562 ,$724 ,$998 ,"$1,222 ","1,567,582",2017
Illinois (IL),$515 ,$591 ,$752 ,$983 ,"$1,126 ","12,716,708",2017
Indiana (IN),$505 ,$577 ,$733 ,$966 ,"$1,095 ","6,483,802",2017
Iowa (IA),$474 ,$529 ,$680 ,$905 ,"$1,003 ","3,046,355",2017
Kansas (KS),$511 ,$561 ,$722 ,$957 ,"$1,086 ","2,853,118",2017
Kentucky (KY),$477 ,$532 ,$671 ,$901 ,"$1,021 ","4,339,367",2017
Louisiana (LA),$540 ,$600 ,$738 ,$972 ,"$1,134 ","4,533,372",2017
Maine (ME),$603 ,$652 ,$793 ,"$1,037 ","$1,156 ","1,328,355",2017
Maryland (MD),$908 ,"$1,020 ","$1,249 ","$1,632 ","$1,976 ","5,773,552",2017
Massachusetts (MA),$891 ,"$1,013 ","$1,260 ","$1,590 ","$1,784 ","6,547,629",2017
Michigan (MI),$509 ,$581 ,$739 ,$987 ,"$1,101 ","9,883,640",2017
Minnesota (MN),$502 ,$598 ,$769 ,"$1,036 ","$1,188 ","5,303,925",2017
Mississippi (MS),$513 ,$586 ,$723 ,$949 ,"$1,057 ","2,967,297",2017
Missouri (MO),$471 ,$539 ,$696 ,$933 ,"$1,064 ","5,988,927",2017
Montana (MT),$511 ,$576 ,$714 ,$969 ,"$1,167 ","989,415",2017
Nebraska (NE),$436 ,$522 ,$674 ,$881 ,$981 ,"1,826,341",2017
Nevada (NV),$524 ,$634 ,$814 ,"$1,151 ","$1,358 ","2,700,551",2017
New Hampshire (NH),$734 ,$816 ,"$1,029 ","$1,347 ","$1,535 ","1,316,470",2017
New Jersey (NJ),$960 ,"$1,108 ","$1,363 ","$1,761 ","$2,038 ","8,791,894",2017
New Mexico (NM),$533 ,$593 ,$739 ,"$1,008 ","$1,189 ","2,059,179",2017
New York (NY),$730 ,$814 ,$994 ,"$1,285 ","$1,434 ","19,378,102",2017
North Carolina (NC),$576 ,$603 ,$742 ,$999 ,"$1,185 ","9,535,483",2017
North Dakota (ND),$598 ,$618 ,$781 ,"$1,085 ","$1,188 ","672,591",2017
Ohio (OH),$507 ,$575 ,$733 ,$973 ,"$1,087 ","11,536,504",2017
Oklahoma (OK),$493 ,$557 ,$710 ,$948 ,"$1,092 ","3,751,351",2017
Oregon (OR),$573 ,$659 ,$830 ,"$1,182 ","$1,403 ","3,831,074",2017
Pennsylvania (PA),$592 ,$665 ,$827 ,"$1,069 ","$1,183 ","12,702,379",2017
Puerto Rico (PR),$384 ,$405 ,$482 ,$647 ,$777 ,"3,725,789",2017
Rhode Island (RI),$743 ,$839 ,"$1,022 ","$1,306 ","$1,572 ","1,052,567",2017
South Carolina (SC),$557 ,$622 ,$763 ,"$1,014 ","$1,180 ","4,625,364",2017
South Dakota (SD),$457 ,$529 ,$678 ,$918 ,"$1,003 ","814,180",2017
Tennessee (TN),$497 ,$551 ,$692 ,$921 ,"$1,064 ","6,346,105",2017
Texas (TX),$577 ,$629 ,$791 ,"$1,059 ","$1,266 ","25,145,561",2017
Utah (UT),$520 ,$619 ,$772 ,"$1,081 ","$1,238 ","2,763,885",2017
Vermont (VT),$752 ,$822 ,"$1,026 ","$1,343 ","$1,507 ","625,741",2017
Virginia (VA),$732 ,$783 ,$941 ,"$1,258 ","$1,515 ","8,001,024",2017
Washington (WA),$610 ,$703 ,$894 ,"$1,254 ","$1,473 ","6,724,540",2017
West Virginia (WV),$545 ,$593 ,$726 ,$960 ,"$1,093 ","1,852,994",2017
Wisconsin (WI),$506 ,$576 ,$744 ,$985 ,"$1,101 ","5,686,986",2017
Wyoming (WY),$531 ,$603 ,$768 ,"$1,040 ","$1,227 ","563,626",2017
Alabama (AL),$519 ,$554 ,$682 ,$912 ,"$1,051 ","4,779,736",2018
Alaska (AK),$849 ,$954 ,"$1,193 ","$1,591 ","$1,869 ","702,772",2018
Arizona (AZ),$605 ,$654 ,$834 ,"$1,156 ","$1,321 ","6,392,017",2018
Arkansas (AR),$489 ,$521 ,$666 ,$887 ,"$1,015 ","2,915,918",2018
California (CA),$877 ,"$1,009 ","$1,287 ","$1,799 ","$2,095 ","37,253,956",2018
Colorado (CO),$710 ,$775 ,$982 ,"$1,354 ","$1,545 ","5,029,196",2018
Connecticut (CT),$833 ,$985 ,"$1,231 ","$1,572 ","$1,800 ","3,574,097",2018
Delaware (DE),$750 ,$849 ,"$1,033 ","$1,418 ","$1,634 ","897,934",2018
District of Columbia (DC),"$1,504 ","$1,561 ","$1,793 ","$2,353 ","$2,902 ","601,723",2018
Florida (FL),$665 ,$736 ,$903 ,"$1,218 ","$1,432 ","18,801,310",2018
Georgia (GA),$599 ,$625 ,$762 ,"$1,021 ","$1,213 ","9,687,653",2018
Guam (GU),$692 ,$751 ,$999 ,"$1,453 ","$1,760 ","159,358",2018
Hawaii (HI),"$1,053 ","$1,227 ","$1,567 ","$2,196 ","$2,650 ","1,360,301",2018
Idaho (ID),$533 ,$580 ,$748 ,"$1,032 ","$1,242 ","1,567,582",2018
Illinois (IL),$529 ,$604 ,$767 ,"$1,006 ","$1,140 ","12,716,708",2018
Indiana (IN),$529 ,$599 ,$760 ,"$1,002 ","$1,127 ","6,483,802",2018
Iowa (IA),$488 ,$542 ,$698 ,$927 ,"$1,026 ","3,046,355",2018
Kansas (KS),$522 ,$574 ,$737 ,$975 ,"$1,107 ","2,853,118",2018
Kentucky (KY),$484 ,$539 ,$680 ,$910 ,"$1,033 ","4,339,367",2018
Louisiana (LA),$579 ,$640 ,$783 ,"$1,029 ","$1,191 ","4,533,372",2018
Maine (ME),$633 ,$676 ,$825 ,"$1,083 ","$1,214 ","1,328,355",2018
Maryland (MD),$925 ,"$1,044 ","$1,273 ","$1,664 ","$2,005 ","5,773,552",2018
Massachusetts (MA),$973 ,"$1,086 ","$1,352 ","$1,707 ","$1,893 ","6,547,629",2018
Michigan (MI),$534 ,$600 ,$763 ,"$1,014 ","$1,131 ","9,883,640",2018
Minnesota (MN),$518 ,$613 ,$786 ,"$1,058 ","$1,207 ","5,303,925",2018
Mississippi (MS),$503 ,$567 ,$701 ,$924 ,"$1,033 ","2,967,297",2018
Missouri (MO),$469 ,$538 ,$694 ,$929 ,"$1,056 ","5,988,927",2018
Montana (MT),$534 ,$604 ,$758 ,"$1,024 ","$1,240 ","989,415",2018
Nebraska (NE),$447 ,$531 ,$682 ,$895 ,$993 ,"1,826,341",2018
Nevada (NV),$568 ,$685 ,$877 ,"$1,232 ","$1,432 ","2,700,551",2018
New Hampshire (NH),$758 ,$842 ,"$1,064 ","$1,392 ","$1,621 ","1,316,470",2018
New Jersey (NJ),$968 ,"$1,129 ","$1,394 ","$1,795 ","$2,079 ","8,791,894",2018
New Mexico (NM),$558 ,$610 ,$762 ,"$1,048 ","$1,224 ","2,059,179",2018
New York (NY),$753 ,$836 ,"$1,018 ","$1,308 ","$1,452 ","19,378,102",2018
North Carolina (NC),$603 ,$628 ,$773 ,"$1,038 ","$1,239 ","9,535,483",2018
North Dakota (ND),$592 ,$609 ,$764 ,"$1,063 ","$1,188 ","672,591",2018
Ohio (OH),$516 ,$583 ,$742 ,$980 ,"$1,094 ","11,536,504",2018
Oklahoma (OK),$515 ,$580 ,$736 ,$982 ,"$1,124 ","3,751,351",2018
Oregon (OR),$609 ,$699 ,$878 ,"$1,250 ","$1,475 ","3,831,074",2018
Pennsylvania (PA),$612 ,$683 ,$851 ,"$1,101 ","$1,213 ","12,702,379",2018
Puerto Rico (PR),$365 ,$384 ,$456 ,$611 ,$736 ,"3,725,789",2018
Rhode Island (RI),$762 ,$864 ,"$1,048 ","$1,342 ","$1,592 ","1,052,567",2018
South Carolina (SC),$567 ,$633 ,$771 ,"$1,024 ","$1,192 ","4,625,364",2018
South Dakota (SD),$465 ,$542 ,$693 ,$929 ,"$1,019 ","800,594",2018
Tennessee (TN),$509 ,$565 ,$707 ,$941 ,"$1,088 ","6,346,105",2018
Texas (TX),$585 ,$641 ,$803 ,"$1,077 ","$1,275 ","25,145,561",2018
Utah (UT),$550 ,$653 ,$819 ,"$1,139 ","$1,316 ","2,763,885",2018
Vermont (VT),$763 ,$837 ,"$1,038 ","$1,348 ","$1,521 ","625,741",2018
Virginia (VA),$752 ,$810 ,$973 ,"$1,300 ","$1,561 ","8,001,024",2018
Washington (WA),$628 ,$721 ,$922 ,"$1,294 ","$1,497 ","6,724,540",2018
West Virginia (WV),$528 ,$570 ,$693 ,$918 ,"$1,059 ","1,852,994",2018
Wisconsin (WI),$520 ,$587 ,$758 ,"$1,006 ","$1,124 ","5,686,986",2018
Wyoming (WY),$578 ,$638 ,$814 ,"$1,097 ","$1,329 ","563,626",2018
Alabama (AL),$530 ,$570 ,$698 ,$925 ,"$1,068 ","4,779,736",2019
Alaska (AK),$871 ,$983 ,"$1,232 ","$1,640 ","$1,888 ","702,772",2019
Arizona (AZ),$637 ,$688 ,$878 ,"$1,218 ","$1,377 ","6,392,017",2019
Arkansas (AR),$501 ,$539 ,$686 ,$908 ,"$1,051 ","2,915,918",2019
California (CA),$930 ,"$1,069 ","$1,361 ","$1,897 ","$2,199 ","37,253,956",2019
Colorado (CO),$744 ,$806 ,"$1,013 ","$1,386 ","$1,594 ","5,029,196",2019
Connecticut (CT),$836 ,$999 ,"$1,251 ","$1,600 ","$1,831 ","3,574,097",2019
Delaware (DE),$800 ,$893 ,"$1,096 ","$1,503 ","$1,742 ","897,934",2019
District of Columbia (DC),"$1,415 ","$1,454 ","$1,665 ","$2,176 ","$2,678 ","601,723",2019
Florida (FL),$705 ,$773 ,$947 ,"$1,275 ","$1,508 ","18,801,310",2019
Georgia (GA),$619 ,$645 ,$780 ,"$1,040 ","$1,231 ","9,687,653",2019
Guam (GU),$728 ,$795 ,"$1,051 ","$1,520 ","$1,846 ","159,358",2019
Hawaii (HI),"$1,122 ","$1,292 ","$1,659 ","$2,310 ","$2,772 ","1,360,301",2019
Idaho (ID),$526 ,$582 ,$751 ,"$1,035 ","$1,223 ","1,567,582",2019
Illinois (IL),$552 ,$622 ,$787 ,"$1,033 ","$1,169 ","12,716,708",2019
Indiana (IN),$533 ,$604 ,$764 ,"$1,006 ","$1,133 ","6,483,802",2019
Iowa (IA),$504 ,$556 ,$715 ,$951 ,"$1,053 ","3,046,355",2019
Kansas (KS),$513 ,$560 ,$718 ,$950 ,"$1,076 ","2,853,118",2019
Kentucky (KY),$492 ,$546 ,$689 ,$918 ,"$1,042 ","4,339,367",2019
Louisiana (LA),$583 ,$642 ,$780 ,"$1,025 ","$1,184 ","4,533,372",2019
Maine (ME),$680 ,$720 ,$887 ,"$1,162 ","$1,304 ","1,328,355",2019
Maryland (MD),$897 ,"$1,017 ","$1,237 ","$1,624 ","$1,944 ","5,773,552",2019
Massachusetts (MA),"$1,098 ","$1,221 ","$1,519 ","$1,916 ","$2,100 ","6,547,629",2019
Michigan (MI),$542 ,$608 ,$768 ,"$1,017 ","$1,130 ","9,883,640",2019
Minnesota (MN),$538 ,$629 ,$803 ,"$1,088 ","$1,234 ","5,303,925",2019
Mississippi (MS),$506 ,$559 ,$692 ,$905 ,"$1,020 ","2,967,297",2019
Missouri (MO),$479 ,$549 ,$706 ,$943 ,"$1,077 ","5,988,927",2019
Montana (MT),$521 ,$590 ,$749 ,"$1,005 ","$1,213 ","989,415",2019
Nebraska (NE),$488 ,$579 ,$738 ,$968 ,"$1,081 ","1,826,341",2019
Nevada (NV),$575 ,$696 ,$883 ,"$1,231 ","$1,422 ","2,700,551",2019
New Hampshire (NH),$771 ,$865 ,"$1,097 ","$1,440 ","$1,693 ","1,316,470",2019
New Jersey (NJ),$989 ,"$1,159 ","$1,432 ","$1,837 ","$2,125 ","8,791,894",2019
New Mexico (NM),$598 ,$651 ,$807 ,"$1,108 ","$1,299 ","2,059,179",2019
New York (NY),$777 ,$857 ,"$1,044 ","$1,340 ","$1,479 ","19,378,102",2019
North Carolina (NC),$617 ,$638 ,$784 ,"$1,051 ","$1,261 ","9,535,483",2019
North Dakota (ND),$605 ,$625 ,$779 ,"$1,067 ","$1,224 ","672,591",2019
Ohio (OH),$523 ,$589 ,$746 ,$980 ,"$1,092 ","11,536,504",2019
Oklahoma (OK),$521 ,$578 ,$733 ,$975 ,"$1,117 ","3,751,351",2019
Oregon (OR),$650 ,$749 ,$935 ,"$1,330 ","$1,564 ","3,831,074",2019
Pennsylvania (PA),$613 ,$683 ,$852 ,"$1,102 ","$1,215 ","12,702,379",2019
Puerto Rico (PR),$384 ,$403 ,$476 ,$640 ,$772 ,"3,725,789",2019
Rhode Island (RI),$802 ,$903 ,"$1,093 ","$1,403 ","$1,642 ","1,052,567",2019
South Carolina (SC),$606 ,$666 ,$806 ,"$1,071 ","$1,252 ","4,625,364",2019
South Dakota (SD),$493 ,$576 ,$735 ,$984 ,"$1,102 ","800,594",2019
Tennessee (TN),$530 ,$587 ,$729 ,$967 ,"$1,123 ","6,346,105",2019
Texas (TX),$601 ,$660 ,$822 ,"$1,098 ","$1,299 ","25,145,561",2019
Utah (UT),$553 ,$655 ,$815 ,"$1,119 ","$1,327 ","2,763,885",2019
Vermont (VT),$749 ,$829 ,"$1,024 ","$1,325 ","$1,466 ","625,741",2019
Virginia (VA),$740 ,$811 ,$975 ,"$1,301 ","$1,555 ","8,001,024",2019
Washington (WA),$689 ,$788 ,"$1,000 ","$1,403 ","$1,619 ","6,724,540",2019
West Virginia (WV),$530 ,$564 ,$688 ,$909 ,"$1,051 ","1,852,994",2019
Wisconsin (WI),$533 ,$601 ,$774 ,"$1,026 ","$1,147 ","5,686,986",2019
Wyoming (WY),$592 ,$651 ,$825 ,"$1,110 ","$1,375 ","563,626",2019
Alabama (AL),$534 ,$576 ,$701 ,$924 ,"$1,065 ","4,850,775",2020
Alaska (AK),$916 ,"$1,035 ","$1,292 ","$1,724 ","$1,953 ","727,165",2020
Arizona (AZ),$656 ,$727 ,$917 ,"$1,276 ","$1,429 ","6,809,935",2020
Arkansas (AR),$493 ,$533 ,$672 ,$889 ,"$1,032 ","2,977,950",2020
California (CA),$997 ,"$1,140 ","$1,446 ","$2,011 ","$2,328 ","38,982,855",2020
Colorado (CO),$745 ,$801 ,"$1,008 ","$1,367 ","$1,587 ","5,436,520",2020
Connecticut (CT),$870 ,"$1,033 ","$1,294 ","$1,644 ","$1,907 ","3,594,465",2020
Delaware (DE),$794 ,$879 ,"$1,073 ","$1,463 ","$1,698 ","943,730",2020
District of Columbia (DC),"$1,457 ","$1,500 ","$1,707 ","$2,215 ","$2,707 ","672,390",2020
Florida (FL),$743 ,$811 ,$992 ,"$1,328 ","$1,574 ","20,278,455",2020
Georgia (GA),$628 ,$655 ,$788 ,"$1,041 ","$1,231 ","10,201,630",2020
Guam (GU),$952 ,"$1,043 ","$1,374 ","$1,982 ","$2,412 ","159,358",2020
Hawaii (HI),"$1,236 ","$1,406 ","$1,798 ","$2,501 ","$2,926 ","1,421,660",2020
Idaho (ID),$564 ,$617 ,$793 ,"$1,096 ","$1,286 ","1,657,380",2020
Illinois (IL),$557 ,$625 ,$787 ,"$1,032 ","$1,162 ","12,743,375",2020
Indiana (IN),$549 ,$620 ,$782 ,"$1,027 ","$1,165 ","6,614,425",2020
Iowa (IA),$516 ,$570 ,$729 ,$970 ,"$1,077 ","3,118,085",2020
Kansas (KS),$545 ,$589 ,$752 ,$992 ,"$1,125 ","2,903,780",2020
Kentucky (KY),$498 ,$556 ,$699 ,$929 ,"$1,051 ","4,424,350",2020
Louisiana (LA),$617 ,$672 ,$820 ,"$1,073 ","$1,228 ","4,663,460",2020
Maine (ME),$640 ,$685 ,$849 ,"$1,108 ","$1,263 ","1,330,127",2020
Maryland (MD),$909 ,"$1,023 ","$1,243 ","$1,637 ","$1,947 ","5,996,070",2020
Massachusetts (MA),"$1,149 ","$1,273 ","$1,588 ","$1,995 ","$2,196 ","6,789,270",2020
Michigan (MI),$547 ,$614 ,$773 ,"$1,017 ","$1,127 ","9,925,560",2020
Minnesota (MN),$562 ,$646 ,$823 ,"$1,121 ","$1,272 ","5,490,735",2020
Mississippi (MS),$524 ,$569 ,$703 ,$916 ,"$1,043 ","2,986,195",2020
Missouri (MO),$484 ,$547 ,$700 ,$933 ,"$1,062 ","6,075,330",2020
Montana (MT),$561 ,$636 ,$809 ,"$1,081 ","$1,286 ","1,029,850",2020
Nebraska (NE),$480 ,$569 ,$724 ,$946 ,"$1,063 ","1,893,930",2020
Nevada (NV),$610 ,$710 ,$905 ,"$1,263 ","$1,454 ","2,887,720",2020
New Hampshire (NH),$757 ,$856 ,"$1,089 ","$1,426 ","$1,687 ","1,331,810",2020
New Jersey (NJ),"$1,013 ","$1,185 ","$1,467 ","$1,875 ","$2,159 ","8,960,150",2020
New Mexico (NM),$604 ,$650 ,$802 ,"$1,093 ","$1,296 ","2,084,830",2020
New York (NY),$806 ,$886 ,"$1,076 ","$1,378 ","$1,520 ","19,798,235",2020
North Carolina (NC),$633 ,$652 ,$799 ,"$1,063 ","$1,282 ","10,052,560",2020
North Dakota (ND),$596 ,$614 ,$766 ,"$1,053 ","$1,202 ","745,470",2020
Ohio (OH),$540 ,$604 ,$761 ,$992 ,"$1,107 ","11,609,765",2020
Oklahoma (OK),$531 ,$576 ,$728 ,$965 ,"$1,103 ","3,896,265",2020
Oregon (OR),$719 ,$820 ,"$1,022 ","$1,451 ","$1,704 ","4,025,115",2020
Pennsylvania (PA),$616 ,$684 ,$850 ,"$1,099 ","$1,217 ","12,790,485",2020
Puerto Rico (PR),$379 ,$402 ,$467 ,$624 ,$744 ,"3,468,975",2020
Rhode Island (RI),$812 ,$911 ,"$1,108 ","$1,415 ","$1,663 ","1,056,155",2020
South Carolina (SC),$610 ,$657 ,$788 ,"$1,044 ","$1,231 ","4,893,435",2020
South Dakota (SD),$513 ,$584 ,$749 ,$993 ,"$1,149 ","841,150",2020
Tennessee (TN),$565 ,$611 ,$757 ,"$1,002 ","$1,168 ","6,597,390",2020
Texas (TX),$608 ,$669 ,$829 ,"$1,106 ","$1,295 ","27,419,610",2020
Utah (UT),$592 ,$684 ,$850 ,"$1,164 ","$1,396 ","2,993,930",2020
Vermont (VT),$764 ,$851 ,"$1,050 ","$1,354 ","$1,494 ","624,618",2020
Virginia (VA),$760 ,$829 ,$992 ,"$1,323 ","$1,571 ","8,365,985",2020
Washington (WA),$745 ,$845 ,"$1,069 ","$1,502 ","$1,742 ","7,169,985",2020
West Virginia (WV),$560 ,$597 ,$726 ,$959 ,"$1,116 ","1,836,835",2020
Wisconsin (WI),$554 ,$624 ,$800 ,"$1,057 ","$1,180 ","5,763,215",2020
Wyoming (WY),$621 ,$679 ,$846 ,"$1,138 ","$1,423 ","583,200",2020
